{
  "rmse": 5.844745177222366,
  "mae": 4.573223273103631,
  "r2": 0.7130411035960831
}