{
  "rmse": 4.153589962779191,
  "mae": 3.117180217194308,
  "r2": 0.8550775146016297
}