{
  "rmse": 5.436109962026365,
  "mae": 4.161756132208259,
  "r2": 0.751763867086054
}