{
  "rmse": 6.919784511704118,
  "mae": 5.610258369855943,
  "r2": 0.5977707292442072
}