{
  "rmse": 3.837733977919984,
  "mae": 2.839213243775359,
  "r2": 0.8762804688910208
}